title,mysql,python,php,flutter
Flask-SQLAlchemy - When are the tables/databases created and destroyed?,1,1,0,0
Combining two PHP variables for MySQL query,1,0,1,0
'Counting' the number of records that match a certain criteria and displaying the numbers (using PHP and MySQL),1,0,1,0
Insert new row in a table and auto id number. Php and MySQL,1,0,1,0
Create Multiple MySQL tables using PHP,1,0,1,0
How to check only the first two letters from a mysql cell?,1,0,1,0
simple comment box php and mysql didn't work,1,0,1,0
Plotting Histogram: How can I do it from scratch using data stored in a database?,1,1,0,0
Handling PyMySql exceptions - Best Practices,1,1,0,0
Running php script that connects to mysql db in shell,1,0,1,0
Python mysql: Lost connection to MySQL server during query,1,1,0,0
Memory leak with large dataset when using mysql-python,1,1,0,0
automatically populate table with dummy data in mysql,1,1,0,0
Am i doing this wrong. Convert array to array value,1,0,1,0
Not enough arguments for format string Python-MySQL,1,1,0,0
"Operational Error(2003, ""Can't connect to MySQL server on '127.3.138.130' (111)"")",1,1,0,0
(flask) python - mysql - using where clause in a select query with variable from URL,1,1,0,0
storing enum type variable into database,1,0,1,0
Drupal wont change the temporary file path in the database?,1,0,1,0
How can i change the language that says in phpMyAdmin in WAMP?,1,0,1,0
Create Database If Not Exists with PDO,1,0,1,0
"Python: tuple indices must be integers, not str when selecting from mysql table",1,1,0,0
Getting multiple values of checkbox from a loop,1,0,1,0
creating primary key based on date,1,0,1,0
python mysql fetch query,1,1,0,0
MINUS operator in MySQL?,1,0,1,0
Hide / show list in PHP,1,0,1,0
Laravel: 1066 Not unique table/alias,1,0,1,0
Echo one image from mysql with next/prev button,1,0,1,0
Using PyMySQL with MariaDB,1,1,0,0
install python MySQLdb to python3 not python,1,1,0,0
PHP 5.3 Upgrade - Can't Connect to MySQL Server,1,0,1,0
PDO::fetch() LIMIT 1,1,0,1,0
"PHP (MySQL) error : ""Warning: mysql_num_rows() expects parameter 1 to be resource""",1,0,1,0
Connect to RDS from EC2 instance with Python,1,1,0,0
Executing a MySQL query on command line via os.system in Python,1,1,0,0
"cakephp - building a query with a multi-word search string, searching multiple fields",1,0,1,0
Join 3 table with doctrine 2 query builder,1,0,1,0
How to lock mysql tables in php,1,0,1,0
How can I pass an array of PDO parameters yet still specify their types?,1,0,1,0
Python and MySQLDB connection to another server on the network,1,1,0,0
"Python, MySQL and cursors that fetch maps",1,1,0,0
how do I add a percentage increase to all product prices in Magento 1.4?,1,0,1,0
not all arguments converted during string formatting,1,1,0,0
Best Resource for mysql + python 2.6 programming,1,1,0,0
adding 2 1/2 hours to a time object in python,1,1,0,0
product website with php and mysql,1,0,1,0
UnicodeDecodeError: 'ascii' codec can't decode byte 0x96 in position 10: ordinal not in range(128),1,1,0,0
PHP mysql_query data size limit?,1,0,1,0
How can I use prepared statements combined with Transactions with PHP?,1,0,1,0
Accessing MySQL from Python 3: Access denied for user,1,1,0,0
Joomla syntax for mysql last inserted id?,1,0,1,0
Query Caching in MySQL,1,0,1,0
Sorting users by distance in mysql using st_distance,1,0,1,0
php md5 password for user login,1,0,1,0
update memcache content,1,0,1,0
Getting last inserted value in Yii,1,0,1,0
Sql Alchemy What is wrong?,1,1,0,0
cakephp saving data into database,1,0,1,0
Inserting python tuple in a MySQL database,1,1,0,0
Pie chart using mysql and php,1,0,1,0
How insert multiple rows in mysql table with php array?,1,0,1,0
"""Couldn't find class"" Doctrine Subqueries",1,0,1,0
File Upload working on PHP4 but not PHP5,1,0,1,0
Is it possible to fill pdf Fillable forms Using PHP script from MySQL,1,0,1,0
"python, NoneType object has no attribute '__getitem__', MySQL query",1,1,0,0
python mysql Incorrect string value warning,1,1,0,0
execute *.sql file with python MySQLdb,1,1,0,0
Python MySQL INSERT from csv,1,1,0,0
How to get the last inserted id on a table to use it on another insert on another table?,1,0,1,0
Write current time plus 5 minutes in MySql from PHP,1,0,1,0
calculate price between given dates,1,0,1,0
MySQL & PHP - Not unique table/alias,1,0,1,0
Deleting an Object from Collection in SQLAlchemy,1,1,0,0
Magento Checkbox for bundle products needs qty,1,0,1,0
Access denied for user ''@'localhost' to database 'database',1,0,1,0
how can i print reports from browser in php,1,0,1,0
MySQL: Get data from other table matching the ids,1,0,1,0
How should I go about adding slashes to only single quotes and ignoring double quotes?,1,0,1,0
SQLAlchemy with PostgreSQL Unicode issue,1,1,0,0
imploding a list for use in a python MySQLDB IN clause,1,1,0,0
PHP Random String verification from Database,1,0,1,0
"How to copy database from MySQL to another database using different python services, ensuring that a row gets copied only once?",1,1,0,0
MySQL -- Joins Between Databases On Different Servers Using Python?,1,1,0,0
"Inserting record to mysql table, via sqlalchemy , with autoinc throws error",1,1,0,0
Python MySQL Comparing two tables,1,1,0,0
mysql order by dayname,1,0,1,0
Install mysql in dockerfile?,1,1,0,0
how to install mysql on python 2.7.5 and mysql 5.6,1,1,0,0
How to trigger mysql event after a time period?,1,0,1,0
Can not get mysql-connector-python to install in virtualenv,1,1,0,0
How do I build a parameterized PDO statement in PHP for a dynamic query?,1,0,1,0
select top 50 records from sql,1,0,1,0
Python best practice and securest to connect to MySQL and execute queries,1,1,0,0
DELETE from mysql table WHERE column equals value AND column2 equals value2,1,0,1,0
get a mysql variable in php,1,0,1,0
How to preserve database connection in a python web server,1,1,0,0
Where is the Synchronize tab under PhpMyAdmin,1,0,1,0
"SQLAlchemy and joins, we have no foreign keys",1,1,0,0
Search with PHP for calendar dates within a MySQL array?,1,0,1,0
Reverse engineer SQLAlchemy declarative class definition from existing MySQL database?,1,1,0,0
"Error in SQL syntax, check for right syntax to use near '0' at line 1",1,0,1,0
SQLAlchemy error MySQL server has gone away,1,1,0,0
How to retrieve SQL result column value using column name in Python?,1,1,0,0
offset/limit programmatically with python mysqldb,1,1,0,0
Php line graph by using GD and MySQL data,1,0,1,0
blocking login after X failed attempts,1,0,1,0
Remote query in MySQL using python,1,1,0,0
Enable executing multiple statements while execution via sqlalchemy,1,1,0,0
get the records for the latest timestamp mysql,1,0,1,0
"Creating a Simple ""ORM/ActiveRecord"" Pattern",1,0,1,0
Creating recurring calendar events in PHP/MySQL,1,0,1,0
"Proper PDO syntax for parameterized query using LIKE with wildcards (ex %, _)",1,0,1,0
How can I get every n rows in MySQL?,1,0,1,0
php or mysql timestamp off by 7 hours,1,0,1,0
Symfony2 - Persist data using a many-to-many relationship,1,0,1,0
Object of class PDOStatement could not be converted to string,1,0,1,0
SQLSTATE[42000]: Syntax error or access violation: 1064 You have an error in your SQL syntax. Password change script,1,0,1,0
SQLAlchemy upsert,1,1,0,0
how to create a dynamic sql statement w/ python and mysqldb,1,1,0,0
Create only ONE table with Flask + SqlAlchemy,1,1,0,0
Calling MySQL exe using PHP exec doesn't work,1,0,1,0
Difference between pip's mysql-python and apt-get's python-mysqldb,1,1,0,0
SQLSTATE[HY000] [1045] Access denied for user 'root'@'localhost' (using password: YES) symfony2,1,0,1,0
Lost connection to MySQL server at 'reading initial communication packet,1,1,0,0
How would I do MySQL count(*) in Doctrine2?,1,0,1,0
UnicodeEncodeError on MySQL insert in Python,1,1,0,0
Use of PDO in classes,1,0,1,0
When should I commit with SQLAlchemy using a for loop?,1,1,0,0
"Parse error: syntax error, unexpected '<', expecting end of file in C:\xampp\htdocs\SLR\CreateData2.php on line 23",1,0,1,0
Python MySQLdb won't release table lock,1,1,0,0
MySQLi prepared statements error reporting,1,0,1,0
how to implement a login system under php?,1,0,1,0
How to insert / retrieve a file stored as a BLOB in a MySQL db using python,1,1,0,0
"Avoiding ""MySQL server has gone away"" on infrequently used Python / Flask server with SQLAlchemy",1,1,0,0
how to connect to mysql database from gui made in python,1,1,0,0
"Installing mysql-python with pip, get ""Failed building wheel for mysql-python""",1,1,0,0
a better approach than storing mysql password in plain text in config file?,1,0,1,0
SQLAlchemy blocked on dropping tables,1,1,0,0
"Executing ""SELECT ... WHERE ... IN ..."" using MySQLdb",1,1,0,0
SQLAlchemy reconnect to db,1,1,0,0
mysql Count Distinct and get result using php,1,0,1,0
"How to store the result of a radio button with a database value, back into the database?",1,0,1,0
Use SQL count result in IF statement - PHP,1,0,1,0
Flask-SQLAlchemy - create and destroy table data with mysql flask ,1,1,0,0
Ruby fundamental for beginner - implementation with mongodb,0,0,0,0
Node Js section - create application running in every platform,0,0,0,0
This is why you should leave PHP and going start with Node JS,0,0,0,0
Everything you should know about Express as rest api,0,0,0,0
Learn MEVN stack to improve your applications scalability,0,0,0,0
Leave Fullstack Now start with Frontend backend instead,0,0,0,0
What difference between async and await in javascript functions,0,0,0,0
Is it worth writing unit tests in every Node JS projects,0,0,0,0
solid principles make you more confident,0,0,0,0
ten tips make your to simplify your logic code,0,0,0,0
learn mysql transactions to improve your skills and increasi ACID,1,0,0,0
everything you must know about mysql transactions,1,0,0,0
this is my experience using native mysql without orm,1,0,0,0
beginners guide - flutter a new multiplatform framework,0,0,0,1
learn flutter OOP fundamental,0,0,0,1
rest api communication in flutter with dio,0,0,0,1
i recomend you using getx instead of bloc in flutter state management,0,0,0,1
its so naive writting much code in flutter bloc why not using getx as instead,0,0,0,1
velocityx less code more feature this is what you expect,0,0,0,1
getx much better than bloc because its easy to learn ,0,0,0,1
no matter how many lines of code you wrote with bloc because its more readable ,0,0,0,1
better way to learn bloc pattern ,0,0,0,1
this is my roadmap to mastering bloc pattern and implement in every platform ,0,0,0,1
leave kotlin anothers native programming use hybrid instead,0,0,0,1
a gentle explanation of mobile developement with bloc pattern,0,0,0,1
mvvm a useful recipe in every Frontend application,0,0,0,1
importance of whitebox and blackbox in flutter developement phase,0,0,0,1